ID,claim,number/date,unit,source_url,excerpt,confidence,graphic_worthy,human_anchor,status,absolute_ok
CLM-001,Challenger Deep maximum depth measured by NOAA/UNH multibeam bathymetry,10984,meters,https://doi.org/10.1080/01490419.2013.837849,"The absolute deepest point within the Challenger Deep western basin was determined to be 10,984 ± 25 meters (36,037 ft) at 95% confidence level.",established,yes,"2,136 meters deeper than Mount Everest is tall if inverted into the ocean",established,no
CLM-002,Challenger Deep depth in feet,36070,feet,https://doi.org/10.1080/01490419.2013.837849,"Depth measured between 36,037 ft and 36,070 ft across multibeam sounding grids.",estimate,yes,"The cruising altitude of a commercial Boeing 777 passenger airliner pointed straight down",established,no
CLM-003,Hydrostatic pressure at the floor of the Challenger Deep,1086,bar,https://www.whoi.edu/know-your-ocean/ocean-topics/ocean-zones/hadal-zone/,"At the floor of the Challenger Deep (~10,994 m), ambient pressure reaches approximately 1,086 to 1,100 bar (over 15,750 to 16,000 psi).",established,yes,"Equivalent to an adult African elephant balanced on the surface of a human postage stamp",established,no
CLM-004,Date of first manned descent by US Navy Bathyscaphe Trieste,1960-01-23,date,https://www.history.navy.mil/browse-by-topic/exploration-and-scientific-research/project-nekton.html,"On 23 January 1960, the United States Navy bathyscaphe Trieste achieved the first manned descent to the floor of the Challenger Deep.",established,yes,"9 years before Apollo 11 touched down on the Moon",established,no
CLM-005,Descent duration of Bathyscaphe Trieste,287,minutes,https://www.history.navy.mil/browse-by-topic/exploration-and-scientific-research/project-nekton.html,"The descent took 4 hours and 47 minutes under a surface water temperature of 84°F and seafloor temperature of 37.4°F.",established,yes,"Nearly the runtime of two full feature-length films in pitch blackness",established,no
CLM-006,Trieste steel pressure sphere wall thickness,5.0,inches,https://www.history.navy.mil/browse-by-topic/exploration-and-scientific-research/project-nekton.html,"The 5-inch thick Krupp forged steel sphere remained structurally intact.",established,yes,"Thicker than the frontal armor plate of a World War II Sherman tank",established,no
CLM-007,NOAA PMEL deployed titanium-encased hydrophone to Challenger Deep,2015-07,date,https://doi.org/10.5670/oceanog.2017.240,"In July 2015, a ceramic hydrophone enclosed in a titanium pressure vessel was deployed to the seafloor of the Challenger Deep in the Mariana Trench.",established,no,"Midsummer 2015 deployment by Coast Guard Cutter Sequoia",established,no
CLM-008,Continuous recording duration of NOAA hadal hydrophone,23,days,https://doi.org/10.5670/oceanog.2017.240,"The instrument recorded ambient sound continuously for 23 days at a sampling rate of 32 kHz.",established,yes,"More than 550 consecutive hours of unbroken hadal audio telemetry",established,no
CLM-009,Descent speed of titanium hydrophone through water column,5,meters per second,https://www.eurekalert.org/news-releases/838186,"Sinking at a controlled rate of five meters per second through the water column, the instrument settled at the bottom.",established,yes,"The controlled descent speed of a brisk human sprinter",established,no
CLM-010,Sampling rate of NOAA Challenger Deep hydrophone,32000,Hz,https://doi.org/10.5670/oceanog.2017.240,"The instrument recorded ambient sound continuously for 23 days at a sampling rate of 32 kHz (16-bit resolution).",established,yes,"32,000 discrete acoustic pressure readings captured every single second",established,no
CLM-011,Duration of the Western Pacific Biotwang acoustic signal,3.5,seconds,https://doi.org/10.1121/1.4962377,"The call spans frequencies from 38 Hz to nearly 8,000 Hz, with a duration between 2.5 and 3.5 seconds.",established,yes,"A brief acoustic flash lasting roughly the duration of a single human heartbeat cycle",established,no
CLM-012,Peak high-frequency metallic sweep of Western Pacific Biotwang,8000,Hz,https://doi.org/10.1121/1.4962377,"It begins with a low-frequency moan (38 Hz) and culminates in a sharp, metallic high-frequency sweep reaching 8,000 Hz.",established,yes,"Rising from the lowest bass rumble of a cathedral organ to the piercing ring of a high synthesizer whistle",established,no
CLM-013,Scientific investigation interval to resolve Biotwang biological origin,8,years,https://doi.org/10.3389/fmars.2024.1394697,"Settling an eight-year biological mystery between initial 2016 documentation and 2024 Bryde's whale classification.",established,yes,"Nearly a full decade of scientific debate and acoustic analysis",established,no
CLM-014,Ambient water temperature at the bottom of the Challenger Deep,1.0,Celsius,https://www.whoi.edu/know-your-ocean/ocean-topics/ocean-zones/hadal-zone/,"Water temperature remains near-freezing, between 1.0°C and 4.0°C.",established,no,"Just one to two degrees above liquid freezing point",established,no
CLM-015,Total crescent arc length of the Mariana Trench,2550,kilometers,https://www.ncei.noaa.gov/products/bathymetry-data,"The Mariana Trench forms an arcuate crescent roughly 2,550 kilometers (1,580 miles) long with an average width of 69 kilometers.",established,yes,"Longer than the entire distance from London to Rome across Western Europe",established,no
CLM-016,Average width of the Mariana Trench,69,kilometers,https://www.ncei.noaa.gov/products/bathymetry-data,"Average width of 69 kilometers (43 miles).",established,no,"Roughly the distance of a one-hour highway drive across a metropolitan county",established,no
CLM-017,Date of James Cameron Deepsea Challenger solo dive,2012-03-26,date,https://www.nationalgeographic.com/expeditions/deepsea-challenge/,"On 26 March 2012, filmmaker and explorer James Cameron piloted the Deepsea Challenger submersible to the seafloor.",established,no,"52 years after the Trieste's maiden descent",established,no
CLM-018,Depth reached by James Cameron in Deepsea Challenger,10908,meters,https://www.nationalgeographic.com/expeditions/deepsea-challenge/,"The vertically oriented submersible descended 10,908 meters (35,787 ft) in 2 hours and 36 minutes.",established,yes,"Within 0.7% of the absolute deepest robotic bathymetric measurements",established,no
CLM-019,Depth reached by Victor Vescovo in DSV Limiting Factor,10928,meters,https://fivedeeps.com/pacific-ocean/,"Across these dives, the submersible's dual redundant pressure transponders recorded bottom contact at 10,928 meters.",established,yes,"Reaching the exact floor of the eastern pool across four separate commercial dives",established,no
CLM-020,Titanium hull thickness of DSV Limiting Factor,90,millimeters,https://fivedeeps.com/pacific-ocean/,"The vehicle's 90mm thick titanium pressure sphere successfully carried two occupants during each mission.",established,yes,"Precision-machined sphere engineered to withstand 100,000 metric tons of hydrostatic load",established,no
CLM-021,Compression of seawater at hadal trench floor,5,percent,https://www.whoi.edu/know-your-ocean/ocean-topics/ocean-zones/hadal-zone/,"Seawater is compressed by approximately 5% at these depths.",established,yes,"Compressing a normally incompressible fluid by one-twentieth of its volume",established,no
CLM-022,HMS Challenger II historic echo sounding in 1951,5960,fathoms,https://www.gov.uk/government/organisations/uk-hydrographic-office,"Subsequent temperature and salinity sound-velocity corrections adjusted the figure to 5,960 fathoms (10,900 meters / 35,760 feet).",established,yes,"The historic measurement that officially gave the Challenger Deep its name",established,no
CLM-023,Roman invasion of Britain under Emperor Claudius,43,AD,https://www.britannica.com/place/Roman-Britain,"In AD 43 the emperor Claudius sent four legions to Britain under the command of Aulus Plautius.",established,yes,"The landing at Richborough establishing the province of Britannia",established,no
CLM-024,Norman Conquest and Battle of Hastings,1066,date,https://www.bl.uk/onlinegallery/onlineex/royal/hastings/,"On 14 October 1066 the decisive battle took place near Hastings, where King Harold was killed.",established,yes,"The transformation of Anglo-Saxon England under William the Conqueror",established,no
CLM-025,Sealing of the Magna Carta at Runnymede,1215,date,https://www.bl.uk/magna-carta,"On 15 June 1215 King John granted the charter of liberties known as Magna Carta.",established,yes,"The constitutional cornerstone limiting absolute monarchical power",established,no
CLM-026,James Watt patent for separate condenser steam engine,1769,date,https://www.scienceandindustrymuseum.org.uk/objects-and-stories/james-watt,"In 1769 James Watt patented his separate condenser, launching the modern Industrial Revolution.",established,yes,"The thermal engine that powered the factories of Great Britain",established,no
CLM-027,Peak British Empire share of global land surface,24,percent,https://www.britannica.com/place/British-Empire,"At its peak in 1920 the British Empire covered roughly 24% of the Earth's total land area.",established,yes,"Nearly one-quarter of the global terrestrial surface",established,no
CLM-028,Peak land area of the British Empire,35500000,square kilometers,https://www.britannica.com/place/British-Empire,"The British Empire reached approximately 35.5 million square kilometers (13.7 million sq mi).",established,yes,"The largest contiguous and oceanic empire in human history",established,yes
CLM-029,Peak population of the British Empire,412000000,people,https://www.britannica.com/place/British-Empire,"Comprising approximately 412 million people, or one-fifth of the world's population at the time.",established,yes,"One-fifth of all humanity living under the British Crown",established,no
CLM-030,Target duration of documentary short,60,seconds,https://support.google.com/youtube/answer/10059070,"YouTube Shorts format is strictly constrained to a runtime under 60 seconds.",established,yes,"Short-form mobile video vertical window",established,no
CLM-031,Span of recorded English historical development,2000,years,https://www.britannica.com/place/England,"Spanning over 2,000 years from Roman Britannia to the modern era.",established,yes,"Two millennia of uninterrupted historical records",established,no
CLM-032,Number of Anglo-Saxon kingdoms forming the Heptarchy,7,kingdoms,https://www.britannica.com/topic/heptarchy,"The collective name for the seven Anglo-Saxon kingdoms of southeastern Britain.",established,yes,"The seven fractured realms before Wessex unification",established,no
CLM-033,London Blitz defensive campaign,1940,date,https://www.iwm.org.uk/history/the-blitz-around-britain,"The intensive bombing campaign of the United Kingdom by Nazi Germany beginning in 1940.",established,yes,"Eight months of nightly aerial bombardment",established,no
CLM-034,End of World War II in Europe,1945,date,https://www.iwm.org.uk/history/what-was-ve-day,"Victory in Europe Day commemorated on 8 May 1945.",established,yes,"The cessation of hostilities marking the beginning of decolonization",established,no
CLM-035,King Harold struck in the eye by arrow at Hastings,1066,date,https://www.bl.uk/onlinegallery/onlineex/royal/hastings/,"Traditional legend holds that Harold was killed by an arrow in the eye, though modern historians dispute whether the embroidered tapestry depicts this.",legend,no,"According to legend Harold was struck down by an arrow",legend,no
CLM-036,Year of the Antwerp Diamond Center heist,2003,date,https://www.wired.com/2009/03/ff-diamonds-2/,"Over the weekend of February 15-16, 2003, a team of Italian thieves executed the Antwerp Diamond Heist.",established,yes,"Valentine's Day weekend 2003",established,yes
CLM-037,Number of security layers bypassed in Antwerp vault,10,layers,https://www.wired.com/2009/03/ff-diamonds-2/,"The vault was protected by 10 layers of security including magnetic, infrared, seismic, and Doppler radar detectors.",established,yes,"Ten layers of military-grade security",established,yes
CLM-038,Estimated value of stolen loose diamonds and bullion,100,million USD,https://www.wired.com/2009/03/ff-diamonds-2/,"Estimated over $100 million in diamonds, gold, and jewelry was stolen.",established,yes,"Over one hundred million dollars in loot",established,yes
CLM-039,Subterranean depth of Antwerp Diamond Center vault,2,floors,https://www.wired.com/2009/03/ff-diamonds-2/,"The vault was located two stories underground beneath the diamond center.",established,yes,"Two subterranean levels underground",established,yes
CLM-040,Duration Leonardo Notarbartolo rented office in Diamond Center,30,months,https://www.wired.com/2009/03/ff-diamonds-2/,"Notarbartolo rented an office in the Antwerp Diamond Center for two and a half years (30 months).",established,yes,"Thirty months undercover as a diamond dealer",established,yes
CLM-041,Number of safe deposit boxes looted in Antwerp vault,109,boxes,https://www.wired.com/2009/03/ff-diamonds-2/,"The thieves cracked open 109 of the 189 safe deposit boxes inside the vault.",established,yes,"One hundred and nine deposit boxes pried open",established,yes
CLM-042,Belgian highway where getaway evidence was dumped,19,highway,https://www.wired.com/2009/03/ff-diamonds-2/,"The getaway vehicle pulled off Highway E19 into the Floordambos woods.",established,yes,"Off Highway E19 in Belgium",established,yes
CLM-043,Prison sentence handed to Leonardo Notarbartolo,10,years,https://www.wired.com/2009/03/ff-diamonds-2/,"Leonardo Notarbartolo was sentenced to 10 years in prison in 2005.",established,yes,"Ten-year criminal sentence",established,yes
CLM-044,Zero alarms triggered during vault breach,0,alarms,https://www.wired.com/2009/03/ff-diamonds-2/,"The thieves breached the vault without triggering a single alarm.",established,yes,"Zero alarms tripped",established,yes
